scenario,tid,price,outbound_departure,outbound_arrival,outbound_connections,outbound_duration,returning_departure,returning_arrival,returning_connections,returning_duration
1,1,999,466,760,2,354,540,968,1,368
1,2,999,466,760,2,354,540,968,1,368
1,3,865,1189,1385,1,256,400,769,1,309
1,4,797,645,1014,2,429,310,617,1,247
1,5,1080,720,1014,1,354,900,1316,1,356
1,6,776,1035,1267,1,292,540,968,1,368
1,7,1520,466,760,2,354,900,1432,2,472
1,8,1080,938,1117,1,239,670,968,1,238
1,9,1080,1189,1385,1,256,670,968,1,238
1,10,797,466,760,2,354,310,617,1,247
1,11,1080,410,639,1,289,670,968,1,238
1,12,1080,1035,1267,1,292,900,1316,1,356
1,13,865,562,760,1,258,400,769,1,309
1,14,797,636,1014,2,438,310,617,1,247
1,15,1080,720,1014,1,354,670,968,1,238
1,16,900,720,1014,1,354,1039,1316,1,217
1,17,797,466,760,2,354,310,617,1,247
1,18,1080,562,760,1,258,670,968,1,238
1,19,900,562,760,1,258,1039,1316,1,217
1,20,900,1189,1385,1,256,1039,1316,1,217
1,21,1080,562,760,1,258,900,1316,1,356
1,22,797,560,870,2,370,310,617,1,247
1,23,865,938,1117,1,239,400,769,1,309
1,24,865,1035,1267,1,292,400,769,1,309
1,25,1080,1035,1267,1,292,670,968,1,238
1,26,900,410,639,1,289,1039,1316,1,217
1,27,1328,636,1014,2,438,670,968,1,238
1,28,1520,466,760,2,354,900,1432,2,472
1,29,999,560,870,2,370,540,968,1,368
1,30,865,720,1014,1,354,400,769,1,309
1,31,865,410,639,1,289,400,769,1,309
1,32,574,720,1014,1,354,310,617,1,247
1,33,1328,636,1014,2,438,670,968,1,238
1,34,574,1189,1385,1,256,310,617,1,247
1,35,797,636,1014,2,438,310,617,1,247
1,36,900,938,1117,1,239,1039,1316,1,217
1,37,574,938,1117,1,239,310,617,1,247
1,38,1080,938,1117,1,239,900,1316,1,356
1,39,1080,1189,1385,1,256,900,1316,1,356
1,40,574,562,760,1,258,310,617,1,247
1,41,574,410,639,1,289,310,617,1,247
1,42,776,720,1014,1,354,540,968,1,368
1,43,776,938,1117,1,239,540,968,1,368
1,44,776,410,639,1,289,540,968,1,368
1,45,999,636,1014,2,438,540,968,1,368
1,46,776,562,760,1,258,540,968,1,368
1,47,999,645,1014,2,429,540,968,1,368
1,48,900,1035,1267,1,292,1039,1316,1,217
1,49,776,1189,1385,1,256,540,968,1,368
1,50,1328,645,1014,2,429,670,968,1,238
1,51,574,1035,1267,1,292,310,617,1,247
1,52,1088,466,760,2,354,400,769,1,309
1,53,999,636,1014,2,438,540,968,1,368
1,54,1080,410,639,1,289,900,1316,1,356
2,1,611,1040,1447,1,347,855,1447,2,652
2,2,611,415,948,1,473,705,1147,2,502
2,3,593,415,948,1,473,1074,1489,1,475
2,4,575,742,1447,2,645,650,945,1,355
2,5,812,450,730,1,220,805,1255,1,510
2,6,570,947,1447,2,440,1155,1593,2,498
2,7,873,650,931,1,221,1090,1519,2,489
2,8,616,1015,1360,1,285,775,1294,2,579
2,9,616,1060,1360,1,240,855,1447,2,652
2,10,923,730,1308,2,518,1090,1519,2,489
2,11,575,947,1447,2,440,650,945,1,355
2,12,642,765,1308,2,483,650,945,1,355
2,13,805,650,931,1,221,1079,1300,1,281
2,14,594,650,931,1,221,1155,1593,2,498
2,15,592,650,931,1,221,650,945,1,355
2,16,697,560,1057,2,437,650,945,1,355
2,17,611,785,1308,1,463,1155,1593,2,498
2,18,570,742,1447,2,645,1155,1593,2,498
2,19,641,947,1447,2,440,650,1037,2,447
2,20,611,1040,1447,1,347,705,1147,2,502
2,21,611,785,1181,1,336,1155,1593,2,498
2,22,729,650,931,1,221,822,1106,1,344
2,23,575,494,1181,2,627,650,945,1,355
2,24,593,1040,1447,1,347,1074,1489,1,475
2,25,609,785,1181,1,336,650,945,1,355
2,26,658,1040,1447,1,347,1380,1745,2,425
2,27,611,415,948,1,473,650,1037,2,447
2,28,863,450,730,1,220,822,1017,1,255
2,29,863,1060,1360,1,240,822,1017,1,255
2,30,611,415,948,1,473,775,1294,2,579
2,31,609,785,1308,1,463,650,945,1,355
2,32,594,375,704,1,269,1155,1593,2,498
2,33,540,1040,1447,1,347,1155,1593,2,498
2,34,857,650,931,1,221,822,1017,1,255
2,35,536,1060,1360,1,240,650,945,1,355
2,36,592,375,704,1,269,650,945,1,355
2,37,611,1040,1447,1,347,650,1037,2,447
2,38,536,450,730,1,220,650,945,1,355
2,39,699,560,1057,2,437,1155,1593,2,498
2,40,708,785,1181,1,336,1074,1489,1,475
2,41,536,1015,1360,1,285,650,945,1,355
2,42,538,1040,1447,1,347,650,945,1,355
2,43,570,494,1181,2,627,1155,1593,2,498
2,44,540,415,948,1,473,1155,1593,2,498
2,45,545,1015,1360,1,285,1155,1593,2,498
2,46,878,560,1057,2,437,650,1037,2,447
2,47,616,1060,1360,1,240,650,1037,2,447
2,48,923,730,1308,2,518,1090,1519,2,489
2,49,545,1060,1360,1,240,1155,1593,2,498
2,50,611,415,948,1,473,855,1447,2,652
2,51,611,1040,1447,1,347,775,1294,2,579
2,52,1075,740,1023,1,223,822,1017,1,255
2,53,545,450,730,1,220,1155,1593,2,498
2,54,848,730,1308,2,518,1090,1525,2,495
2,55,538,415,948,1,473,650,945,1,355
2,56,848,730,1308,2,518,1090,1525,2,495
2,57,616,450,730,1,220,775,1294,2,579
2,58,763,450,730,1,220,1079,1300,1,281
3,1,731,395,940,2,545,1204,1459,1,255
3,2,731,765,1130,2,365,1204,1459,1,255
3,3,699,839,1334,3,495,1204,1459,1,255
3,4,683,960,1334,1,374,774,1178,2,404
3,5,951,614,940,2,326,736,1190,2,454
3,6,667,960,1334,1,374,774,1096,1,322
3,7,1662,963,1278,1,315,1204,1459,1,255
3,8,777,361,780,2,419,1204,1459,1,255
3,9,791,933,1388,1,455,1204,1459,1,255
3,10,679,322,923,2,601,1204,1459,1,255
3,11,796,322,923,2,601,774,1248,2,474
3,12,913,933,1388,1,455,1155,1439,1,284
3,13,707,395,923,2,528,1204,1459,1,255
3,14,683,960,1334,1,374,1345,1888,2,543
3,15,801,322,923,2,601,1155,1439,1,284
3,16,731,1010,1323,2,313,1204,1459,1,255
3,17,667,960,1334,1,374,870,1293,1,423
3,18,792,465,702,1,237,1345,1727,2,382
3,19,729,652,1005,1,353,774,1096,1,322
3,20,729,765,1275,2,510,1204,1459,1,255
3,21,821,652,1005,1,353,774,1248,2,474
3,22,683,960,1334,1,374,1110,1483,2,373
3,23,699,465,702,1,237,774,1248,2,474
3,24,729,1010,1418,2,408,1204,1459,1,255
3,25,800,465,702,1,237,736,1190,2,454
3,26,729,652,1005,1,353,1110,1471,1,361
3,27,1365,765,1130,2,365,1110,1561,2,451
3,28,1613,963,1278,1,315,1055,1415,2,360
3,29,742,960,1388,2,428,774,1248,2,474
3,30,729,1010,1418,2,408,1204,1459,1,255
3,31,729,1010,1418,2,408,1204,1459,1,255
3,32,593,652,1005,1,353,1155,1439,1,284
3,33,1363,765,1275,2,510,1110,1561,2,451
3,34,422,960,1334,1,374,1204,1459,1,255
3,35,696,350,735,2,385,1204,1459,1,255
3,36,729,765,1275,2,510,1204,1459,1,255
3,37,349,465,702,1,237,1204,1459,1,255
3,38,812,465,702,1,237,1345,1888,2,543
3,39,818,350,735,2,385,1155,1439,1,284
3,40,471,465,702,1,237,1155,1439,1,284
3,41,471,652,1005,1,353,1204,1459,1,255
3,42,667,960,1334,1,374,1110,1471,1,361
3,43,607,465,702,1,237,774,1096,1,322
3,44,625,960,1388,2,428,1204,1459,1,255
3,45,756,960,1334,1,374,870,1180,2,310
3,46,607,465,702,1,237,870,1293,1,423
3,47,747,960,1388,2,428,1155,1439,1,284
3,48,729,652,1005,1,353,870,1293,1,423
3,49,607,465,702,1,237,1110,1471,1,361
3,50,1363,765,1275,2,510,1110,1561,2,451
3,51,544,960,1334,1,374,1155,1439,1,284
3,52,1276,675,1061,2,386,1110,1561,2,451
3,53,766,960,1334,1,374,774,1248,2,474
3,54,828,960,1275,2,315,774,1096,1,322
4,1,567,448,814,1,546,1070,1688,1,438
4,2,567,448,814,1,546,1070,1688,1,438
4,3,563,370,560,0,370,1070,1688,1,438
4,4,562,370,560,0,370,980,1610,1,450
4,5,644,370,560,0,370,1212,1888,2,496
4,6,551,370,560,0,370,1250,1895,1,465
4,7,815,1020,1385,1,545,1010,1610,1,420
4,8,579,1045,1383,1,518,1340,1952,1,432
4,9,604,1140,1470,1,510,910,1544,1,454
4,10,829,740,1178,1,618,1100,1690,1,410
4,11,562,370,560,0,370,1340,1952,1,432
4,12,622,370,560,0,370,965,1442,0,297
4,13,641,370,560,0,370,695,1450,2,575
4,14,563,370,560,0,370,1250,1895,1,465
4,15,563,370,560,0,370,975,1592,1,437
4,16,624,370,560,0,370,965,1442,0,297
4,17,567,448,814,1,546,975,1592,1,437
4,18,562,370,560,0,370,1340,1952,1,432
4,19,622,370,560,0,370,965,1442,0,297
4,20,565,448,814,1,546,980,1610,1,450
4,21,565,448,814,1,546,1340,1952,1,432
4,22,629,370,560,0,370,965,1442,0,297
4,23,562,370,560,0,370,980,1610,1,450
4,24,563,370,560,0,370,1070,1688,1,438
4,25,563,370,560,0,370,1135,1816,1,501
4,26,624,370,560,0,370,965,1442,0,297
4,27,565,448,814,1,546,980,1610,1,450
4,28,807,740,1178,1,618,950,1569,1,439
4,29,814,426,732,1,486,1135,1703,1,388
4,30,567,448,814,1,546,1250,1895,1,465
4,31,563,370,560,0,370,1135,1816,1,501
4,32,563,370,560,0,370,1250,1895,1,465
4,33,534,1140,1470,1,510,1135,1816,1,501
4,34,750,1020,1385,1,545,980,1610,1,450
4,35,532,1140,1470,1,510,980,1610,1,450
4,36,563,370,560,0,370,975,1592,1,437
4,37,565,448,814,1,546,1340,1952,1,432
4,38,532,1140,1470,1,510,1340,1952,1,432
4,39,626,448,814,1,546,965,1442,0,297
4,40,626,448,814,1,546,965,1442,0,297
4,41,534,1140,1470,1,510,975,1592,1,437
4,42,534,1140,1470,1,510,1070,1688,1,438
4,43,551,370,560,0,370,1135,1816,1,501
4,44,550,370,560,0,370,1340,1952,1,432
4,45,551,370,560,0,370,1070,1688,1,438
4,46,822,740,1178,1,618,1010,1610,1,420
4,47,567,448,814,1,546,1135,1816,1,501
4,48,829,740,1178,1,618,1100,1790,1,510
4,49,551,370,560,0,370,975,1592,1,437
4,50,567,448,814,1,546,1250,1895,1,465
4,51,567,448,814,1,546,975,1592,1,437
4,52,852,1020,1385,1,545,1070,1823,2,573
4,53,550,370,560,0,370,980,1610,1,450
4,54,750,1020,1385,1,545,1340,1952,1,432
4,55,534,1140,1470,1,510,1250,1895,1,465
4,56,646,370,560,0,370,975,1786,2,631
4,57,915,558,917,1,539,1212,1876,1,484
4,58,567,448,814,1,546,1135,1816,1,501
4,59,629,370,560,0,370,965,1442,0,297
5,1,655,920,1437,2,577,792,1368,2,516
5,2,655,920,1437,2,577,792,1368,2,516
5,3,626,594,1187,2,653,792,1368,2,516
5,4,613,594,1187,2,653,792,1368,2,516
5,5,748,709,947,1,298,1056,1396,1,280
5,6,588,594,1187,2,653,955,1598,3,583
5,7,1394,739,1187,2,508,1045,1414,1,309
5,8,656,739,1187,2,508,705,1176,1,411
5,9,657,739,1187,2,508,792,1368,2,516
5,10,1414,709,947,1,298,1045,1414,1,309
5,11,613,594,1187,2,653,792,1368,2,516
5,12,657,739,1187,2,508,792,1368,2,516
5,13,722,600,1187,2,647,792,1368,2,516
5,14,630,594,1187,2,653,990,1322,1,272
5,15,617,594,1187,2,653,955,1598,3,583
5,16,668,880,1167,1,347,705,1176,1,411
5,17,655,920,1437,2,577,792,1368,2,516
5,18,612,594,1187,2,653,705,1176,1,411
5,19,657,739,1187,2,508,792,1368,2,516
5,20,654,920,1437,2,577,705,1176,1,411
5,21,632,594,1187,2,653,599,917,1,258
5,22,718,709,947,1,298,599,917,1,258
5,23,613,594,1187,2,653,792,1368,2,516
5,24,626,594,1187,2,653,792,1368,2,516
5,25,630,594,1187,2,653,1340,1683,1,283
5,26,659,594,1187,2,653,1340,1683,1,283
5,27,654,920,1437,2,577,705,1176,1,411
5,28,960,890,1165,1,335,1045,1414,1,309
5,29,1327,709,947,1,298,1195,1535,1,280
5,30,655,920,1437,2,577,792,1368,2,516
5,31,630,594,1187,2,653,1340,1683,1,283
5,32,630,594,1187,2,653,990,1322,1,272
5,33,584,594,1187,2,653,792,1368,2,516
5,34,945,330,625,1,355,607,971,1,304
5,35,581,594,1187,2,653,955,1598,3,583
5,36,617,594,1187,2,653,955,1598,3,583
5,37,632,594,1187,2,653,599,917,1,258
5,38,577,594,1187,2,653,792,1368,2,516
5,39,716,709,947,1,298,990,1322,1,272
5,40,716,709,947,1,298,1340,1683,1,283
5,41,583,594,1187,2,653,705,1176,1,411
5,42,583,594,1187,2,653,705,1176,1,411
5,43,588,594,1187,2,653,955,1598,3,583
5,44,584,594,1187,2,653,792,1368,2,516
5,45,588,594,1187,2,653,955,1598,3,583
5,46,1394,739,1187,2,508,1045,1414,1,309
5,47,655,920,1437,2,577,792,1368,2,516
5,48,1725,600,849,1,309,599,917,1,258
5,49,584,594,1187,2,653,792,1368,2,516
5,50,655,920,1437,2,577,792,1368,2,516
5,51,655,594,1187,2,653,792,1368,2,516
5,52,1923,739,1295,2,616,1045,1414,1,309
5,53,584,594,1187,2,653,792,1368,2,516
5,54,844,880,1167,1,347,705,1176,1,411
5,55,584,594,1187,2,653,792,1368,2,516
5,56,764,739,1187,2,508,607,971,1,304
5,57,656,739,1187,2,508,705,1176,1,411
5,58,721,600,1187,2,647,705,1176,1,411
6,1,590,615,905,1,290,895,1289,2,394
6,2,590,410,691,1,281,895,1289,2,394
6,3,562,360,730,1,370,1280,1651,1,371
6,4,562,810,1100,1,290,650,1076,1,426
6,5,882,810,1100,1,290,1145,1530,2,385
6,6,559,530,954,1,424,650,1076,1,426
6,7,1111,714,1050,1,336,1070,1513,2,443
6,8,603,410,691,1,281,1280,1651,1,371
6,9,603,615,905,1,290,675,1130,1,455
6,10,1127,714,1050,1,336,855,1197,1,342
6,11,562,435,730,1,295,1280,1651,1,371
6,12,662,885,1018,0,133,750,882,0,132
6,13,814,410,691,1,281,990,1246,1,256
6,14,562,660,1033,1,373,1280,1651,1,371
6,15,562,435,730,1,295,650,1076,1,426
6,16,730,750,1050,1,300,895,1289,2,394
6,17,562,660,1033,1,373,675,1130,1,455
6,18,562,810,1100,1,290,1280,1651,1,371
6,19,644,860,1166,1,306,1280,1651,1,371
6,20,562,660,1033,1,373,650,1076,1,426
6,21,562,360,730,1,370,650,1076,1,426
6,22,786,430,954,1,524,570,997,1,427
6,23,562,735,1033,1,298,1280,1651,1,371
6,24,562,735,1100,1,365,1280,1651,1,371
6,25,562,435,730,1,295,675,1130,1,455
6,26,702,815,1059,1,244,895,1289,2,394
6,27,562,735,1100,1,365,675,1130,1,455
6,28,1088,815,1059,1,244,990,1246,1,256
6,29,1111,714,1050,1,336,1070,1513,2,443
6,30,595,525,911,1,386,895,1289,2,394
6,31,562,735,1033,1,298,675,1130,1,455
6,32,562,810,1100,1,290,675,1130,1,455
6,33,541,430,954,1,524,650,1076,1,426
6,34,981,490,810,1,320,1080,1345,1,265
6,35,528,430,954,1,524,895,1289,2,394
6,36,562,735,1033,1,298,650,1076,1,426
6,37,562,735,1100,1,365,650,1076,1,426
6,38,528,430,954,1,524,895,1289,2,394
6,39,1473,815,1059,1,244,505,742,1,237
6,40,730,490,810,1,320,895,1289,2,394
6,41,747,538,980,2,442,1280,1651,1,371
6,42,541,430,954,1,524,1280,1651,1,371
6,43,541,430,954,1,524,1280,1651,1,371
6,44,559,530,954,1,424,675,1130,1,455
6,45,541,430,954,1,524,675,1130,1,455
6,46,559,530,954,1,424,1280,1651,1,371
6,47,1127,714,1050,1,336,855,1197,1,342
6,48,601,525,911,1,386,650,1076,1,426
6,49,1153,810,1100,1,290,520,791,1,271
6,50,546,530,954,1,424,895,1289,2,394
6,51,601,525,911,1,386,1280,1651,1,371
6,52,562,360,730,1,370,675,1130,1,455
6,53,1318,815,1059,1,244,505,742,1,237
6,54,541,430,954,1,524,675,1130,1,455
6,55,956,510,980,2,470,786,1312,2,526
6,56,541,430,954,1,524,650,1076,1,426
6,57,926,815,1059,1,244,990,1246,1,256
6,58,1367,465,725,1,260,505,742,1,237
6,59,601,525,911,1,386,675,1130,1,455
6,60,790,430,954,1,524,607,1008,2,401
7,1,1074,360,1045,2,625,950,1403,2,513
7,2,1074,360,1045,2,625,950,1403,2,513
7,3,1046,360,1045,2,625,713,1169,2,516
7,4,1024,360,1045,2,625,950,1403,2,513
7,5,1169,303,820,2,457,1311,1681,2,430
7,6,1002,360,1045,2,625,950,1488,2,598
7,7,1623,735,1289,2,494,1192,1755,2,623
7,8,1096,360,1045,2,625,713,1169,2,516
7,9,1097,420,1045,2,565,875,1250,2,435
7,10,1896,735,1266,2,471,1192,1755,2,623
7,11,1002,360,1045,2,625,950,1488,2,598
7,12,1105,360,1021,2,601,713,1169,2,516
7,13,1149,660,1175,2,455,1311,1681,2,430
7,14,1046,360,1045,2,625,713,1169,2,516
7,15,1033,405,1150,2,685,1311,1681,2,430
7,16,1107,360,988,2,568,713,1169,2,516
7,17,1074,360,1045,2,625,950,1403,2,513
7,18,1002,360,1045,2,625,950,1488,2,598
7,19,1104,420,1045,2,565,1215,1725,2,570
7,20,1066,360,988,2,568,713,1169,2,516
7,21,1064,360,1021,2,601,713,1169,2,516
7,22,1120,660,1150,2,430,1311,1951,2,700
7,23,1012,735,1289,2,494,1215,1725,2,570
7,24,1045,405,1150,2,685,1311,1951,2,700
7,25,1059,360,1266,2,846,950,1488,2,598
7,26,1107,360,988,2,568,713,1169,2,516
7,27,1066,360,988,2,568,713,1169,2,516
7,28,1322,303,820,2,457,875,1250,2,435
7,29,1623,735,1289,2,494,1061,1480,2,479
7,30,1087,360,1045,2,625,713,1169,2,516
7,31,1062,360,1021,2,601,950,1403,2,513
7,32,1059,360,1266,2,846,950,1488,2,598
7,33,990,360,1021,2,601,950,1488,2,598
7,34,1302,660,1175,2,455,875,1250,2,435
7,35,952,360,1045,2,625,950,1488,2,598
7,36,1044,360,988,2,568,950,1403,2,513
7,37,1064,360,1021,2,601,713,1169,2,516
7,38,952,360,1045,2,625,950,1488,2,598
7,39,1108,660,1150,2,430,1311,1681,2,430
7,40,1117,420,988,2,508,875,1250,2,435
7,41,972,360,988,2,568,950,1488,2,598
7,42,972,360,988,2,568,950,1488,2,598
7,43,1002,360,1045,2,625,950,1488,2,598
7,44,1002,360,1045,2,625,950,1488,2,598
7,45,1002,360,1045,2,625,950,1488,2,598
7,46,1794,735,1266,2,471,1061,1480,2,479
7,47,1096,360,1045,2,625,713,1169,2,516
7,48,1002,360,1045,2,625,950,1488,2,598
7,49,1096,360,1045,2,625,713,1169,2,516
7,50,1074,360,1045,2,625,950,1403,2,513
7,51,1002,360,1045,2,625,950,1488,2,598
7,52,1272,660,1150,2,430,875,1250,2,435
7,53,990,360,1021,2,601,950,1488,2,598
7,54,1222,360,1045,2,625,950,1533,2,643
7,55,1096,360,1045,2,625,713,1169,2,516
7,56,1120,660,1150,2,430,1311,1951,2,700
8,1,748,525,1190,1,485,555,835,1,460
8,2,748,525,1190,1,485,555,835,1,460
8,3,729,1155,2043,2,708,555,835,1,460
8,4,706,750,1457,2,527,555,835,1,460
8,5,905,735,1475,2,560,580,905,1,505
8,6,702,599,1232,1,453,555,835,1,460
8,7,1027,1350,2063,1,533,1160,1543,1,563
8,8,767,750,1333,1,403,595,1008,2,593
8,9,768,380,964,1,404,1205,1509,1,484
8,10,1261,725,1343,1,438,1100,1540,2,620
8,11,703,599,1457,2,678,580,905,1,505
8,12,781,360,1235,2,695,555,835,1,460
8,13,821,1380,2122,1,562,925,1250,1,505
8,14,744,750,1333,1,403,580,905,1,505
8,15,710,380,964,1,404,595,1008,2,593
8,16,783,595,1190,1,415,580,905,1,505
8,17,748,735,1385,1,470,555,835,1,460
8,18,702,599,1333,1,554,555,835,1,460
8,19,776,1380,2122,1,562,580,905,1,505
8,20,748,595,1190,1,415,555,835,1,460
8,21,748,599,1457,2,678,925,1250,1,505
8,22,808,725,1343,1,438,555,835,1,460
8,23,706,750,1457,2,527,555,835,1,460
8,24,729,1155,2043,2,708,555,835,1,460
8,25,744,599,1232,1,453,580,905,1,505
8,26,781,360,1235,2,695,555,835,1,460
8,27,748,595,1190,1,415,555,835,1,460
8,28,1010,1380,2122,1,562,1110,1614,1,684
8,29,1024,360,1235,2,695,1160,1543,1,563
8,30,748,390,1075,1,505,555,835,1,460
8,31,744,599,1333,1,554,580,905,1,505
8,32,744,599,1232,1,453,580,905,1,505
8,33,702,750,1333,1,403,555,835,1,460
8,34,941,580,1416,2,656,555,835,1,460
8,35,626,380,964,1,404,555,835,1,460
8,36,713,380,964,1,404,925,1250,1,505
8,37,748,750,1457,2,527,580,905,1,505
8,38,626,380,964,1,404,555,835,1,460
8,39,788,725,1343,1,438,555,835,1,460
8,40,795,725,1343,1,438,555,835,1,460
8,41,661,599,1457,2,678,555,835,1,460
8,42,661,599,1457,2,678,555,835,1,460
8,43,702,599,1333,1,554,555,835,1,460
8,44,702,750,1333,1,403,555,835,1,460
8,45,702,599,1232,1,453,555,835,1,460
8,46,1189,735,1385,1,470,1100,1540,2,620
8,47,751,599,1457,2,678,595,1008,2,593
8,48,1261,725,1343,1,438,1100,1540,2,620
8,49,702,599,1232,1,453,555,835,1,460
8,50,748,390,1075,1,505,555,835,1,460
8,51,748,735,1385,1,470,555,835,1,460
8,52,1353,730,1424,1,514,1100,1540,2,620
8,53,702,599,1232,1,453,555,835,1,460
8,54,941,580,1416,2,656,555,835,1,460
8,55,668,380,964,1,404,580,905,1,505
8,56,912,380,1334,2,774,555,835,1,460
8,57,1447,580,1416,2,656,1075,1615,2,720
8,58,759,1030,1765,1,555,555,835,1,460
8,59,815,725,1343,1,438,555,835,1,460
9,1,283,329,654,1,505,1008,1680,1,492
9,2,281,329,654,1,505,1015,1658,1,463
9,3,281,820,1045,1,405,1008,1680,1,492
9,4,361,750,946,1,376,1160,1728,1,388
9,5,281,820,1045,1,405,1052,1624,1,392
9,6,444,800,980,1,360,1004,1503,1,319
9,7,301,910,1176,1,446,1182,1728,1,366
9,8,281,750,946,1,376,1008,1680,1,492
9,9,308,890,1162,1,452,780,1366,1,406
9,10,347,1120,1415,1,475,1250,1788,1,358
9,11,283,329,654,1,505,1240,1755,1,335
9,12,281,329,654,1,505,780,1366,1,406
9,13,281,910,1176,1,446,790,1332,1,362
9,14,308,890,1162,1,452,780,1366,1,406
9,15,283,329,654,1,505,1052,1624,1,392
9,16,283,329,654,1,505,1182,1728,1,366
9,17,347,750,946,1,376,1185,1748,1,383
9,18,281,329,654,1,505,1145,1743,1,418
9,19,283,329,654,1,505,610,1127,1,337
9,20,427,800,980,1,360,1004,1503,1,319
9,21,427,800,980,1,360,1004,1503,1,319
9,22,283,329,654,1,505,831,1366,1,355
9,23,283,329,654,1,505,610,1127,1,337
9,24,407,800,980,1,360,390,875,1,305
9,25,261,750,946,1,376,831,1366,1,355
9,26,281,329,654,1,505,780,1366,1,406
9,27,283,329,654,1,505,790,1332,1,362
9,28,347,750,946,1,376,1185,1748,1,383
9,29,261,750,946,1,376,790,1332,1,362
9,30,261,820,1045,1,405,831,1366,1,355
9,31,281,910,1176,1,446,831,1366,1,355
9,32,281,820,1045,1,405,1182,1728,1,366
9,33,444,800,980,1,360,1004,1503,1,319
9,34,281,750,946,1,376,1052,1624,1,392
9,35,281,750,946,1,376,1182,1728,1,366
9,36,400,565,880,1,495,390,875,1,305
9,37,261,820,1045,1,405,790,1332,1,362
9,38,400,1190,1380,1,370,390,875,1,305
9,39,347,750,946,1,376,1265,1905,1,460
10,1,572,435,613,0,178,1080,1248,0,168
10,2,572,550,726,0,176,1080,1248,0,168
10,3,569,555,725,0,170,1255,1422,0,167
10,4,569,555,725,0,170,690,847,0,157
10,5,606,990,1158,0,168,690,847,0,157
10,6,562,1140,1307,0,167,1155,1330,0,175
10,7,668,750,1085,1,335,850,1167,1,317
10,8,572,550,726,0,176,645,819,0,174
10,9,572,435,613,0,178,645,819,0,174
10,10,732,715,1085,1,370,1080,1375,1,295
10,11,569,1140,1307,0,167,690,847,0,157
10,12,573,540,835,1,295,690,847,0,157
10,13,606,885,1053,0,168,690,847,0,157
10,14,569,555,725,0,170,1255,1422,0,167
10,15,569,555,725,0,170,690,847,0,157
10,16,577,375,705,1,330,943,1314,1,371
10,17,572,1185,1364,0,179,465,630,0,165
10,18,562,555,725,0,170,1155,1330,0,175
10,19,572,1185,1364,0,179,645,819,0,174
10,20,572,550,726,0,176,465,630,0,165
10,21,572,795,970,0,175,465,630,0,165
10,22,606,885,1053,0,168,690,847,0,157
10,23,569,1140,1307,0,167,690,847,0,157
10,24,569,1140,1307,0,167,1255,1422,0,167
10,25,569,1140,1307,0,167,1155,1330,0,175
10,26,573,540,835,1,295,690,847,0,157
10,27,572,435,613,0,178,465,630,0,165
10,28,628,750,1085,1,335,1255,1422,0,167
10,29,628,750,1085,1,335,1255,1422,0,167
10,30,572,795,970,0,175,815,986,0,171
10,31,569,555,725,0,170,1155,1330,0,175
10,32,569,1140,1307,0,167,1155,1330,0,175
10,33,562,1140,1307,0,167,1255,1422,0,167
10,34,622,715,1085,1,370,915,1211,1,296
10,35,562,1140,1307,0,167,690,847,0,157
10,36,569,1140,1307,0,167,1255,1422,0,167
10,37,569,555,725,0,170,1155,1330,0,175
10,38,513,766,1081,1,315,849,1159,1,310
10,39,578,1005,1280,1,275,465,630,0,165
10,40,583,835,1095,1,260,515,785,2,270
10,41,562,1140,1307,0,167,690,847,0,157
10,42,562,555,725,0,170,690,847,0,157
10,43,562,555,725,0,170,1155,1330,0,175
10,44,562,1140,1307,0,167,1255,1422,0,167
10,45,562,1140,1307,0,167,1155,1330,0,175
10,46,719,375,705,1,330,640,910,1,270
10,47,572,435,613,0,178,815,986,0,171
10,48,1212,715,1085,1,370,855,1119,1,264
10,49,562,555,725,0,170,1255,1422,0,167
10,50,572,550,726,0,176,815,986,0,171
10,51,572,795,970,0,175,1080,1248,0,168
10,52,1212,715,1085,1,370,855,1119,1,264
10,53,562,555,725,0,170,1255,1422,0,167
10,54,622,715,1085,1,370,915,1211,1,296
10,55,562,555,725,0,170,690,847,0,157
10,56,612,715,1085,1,370,690,847,0,157
10,57,572,1185,1364,0,179,815,986,0,171
10,58,606,990,1158,0,168,690,847,0,157
11,1,353,375,809,2,434,1285,1592,1,307
11,2,353,360,600,1,240,1200,1673,2,473
11,3,345,360,600,1,240,1053,1503,2,450
11,4,343,375,809,2,434,1200,1613,2,413
11,5,575,708,791,0,83,1130,1474,2,344
11,6,343,360,745,1,385,1200,1613,2,413
11,7,759,375,467,0,92,600,679,0,79
11,8,359,360,745,1,385,1200,1583,2,383
11,9,359,375,753,2,378,1200,1583,2,383
11,10,779,708,791,0,83,1053,1323,1,270
11,11,343,360,745,1,385,1200,1673,2,473
11,12,367,386,722,1,336,1285,1592,1,307
11,13,562,708,791,0,83,1200,1613,2,413
11,14,345,360,600,1,240,1285,1576,1,291
11,15,343,375,753,2,378,1200,1673,2,473
11,16,399,420,719,1,299,1340,1667,1,327
11,17,353,360,600,1,240,1200,1673,2,473
11,18,343,360,745,1,385,1200,1673,2,473
11,19,360,375,753,2,378,1245,1462,1,217
11,20,353,360,600,1,240,1200,1613,2,413
11,21,352,420,691,1,271,1285,1576,1,291
11,22,406,648,1050,2,402,1285,1576,1,291
11,23,343,375,753,2,378,1200,1613,2,413
11,24,343,375,753,2,378,1200,1673,2,473
11,25,352,648,955,1,307,1285,1592,1,307
11,26,369,420,631,1,211,1245,1462,1,217
11,27,353,375,753,2,378,1285,1592,1,307
11,28,759,708,791,0,83,943,1022,0,79
11,29,759,375,467,0,92,1320,1396,0,76
11,30,356,646,1001,2,355,1285,1576,1,291
11,31,352,360,745,1,385,1285,1592,1,307
11,32,352,420,631,1,211,1053,1503,2,450
11,33,335,360,745,1,385,1285,1576,1,291
11,34,759,1052,1135,0,83,1320,1396,0,76
11,35,296,360,759,2,399,1365,1936,2,571
11,36,343,375,753,2,378,1200,1673,2,473
11,37,352,420,631,1,211,1285,1576,1,291
11,38,296,360,759,2,399,1365,1876,2,511
11,39,403,350,719,2,369,1340,1667,1,327
11,40,403,420,719,1,299,1335,1850,2,515
11,41,298,360,600,1,240,1285,1592,1,307
11,42,305,360,600,1,240,1053,1533,2,480
11,43,343,360,745,1,385,1200,1673,2,473
11,44,336,375,753,2,378,1285,1576,1,291
11,45,336,375,809,2,434,1285,1576,1,291
11,46,759,375,467,0,92,943,1022,0,79
11,47,356,570,937,2,367,1285,1576,1,291
11,48,1353,360,759,2,399,1285,1576,1,291
11,49,336,620,1050,2,430,1285,1576,1,291
11,50,356,695,1050,2,355,1285,1576,1,291
11,51,353,360,600,1,240,1200,1673,2,473
11,52,1360,360,745,1,385,1365,1936,2,571
11,53,336,620,1050,2,430,1285,1576,1,291
11,54,759,708,791,0,83,1320,1396,0,76
11,55,335,648,955,1,307,1285,1576,1,291
11,56,578,708,791,0,83,1200,1583,2,383
11,57,356,565,937,2,372,1285,1576,1,291
11,58,415,360,745,1,385,930,1156,1,226
12,1,450,757,1338,2,521,1272,1802,2,590
12,2,450,757,1338,2,521,1272,1742,2,530
12,3,448,677,1338,2,601,1272,1802,2,590
12,4,448,677,1338,2,601,1272,1742,2,530
12,5,455,757,1280,2,463,879,1239,2,420
12,6,448,677,1338,2,601,879,1239,2,420
12,7,455,527,1044,2,457,879,1239,2,420
12,8,455,527,1044,2,457,879,1239,2,420
12,9,448,757,1338,2,521,1272,1802,2,590
12,10,455,527,1044,2,457,879,1239,2,420
12,11,455,757,1280,2,463,879,1239,2,420
12,12,448,677,1338,2,601,1272,1802,2,590
12,13,448,677,1338,2,601,1272,1742,2,530
12,14,455,527,1044,2,457,879,1239,2,420
12,15,450,757,1338,2,521,1272,1742,2,530
12,16,448,757,1338,2,521,1272,1742,2,530
12,17,455,527,1044,2,457,879,1239,2,420
12,18,450,757,1338,2,521,879,1239,2,420
12,19,450,757,1338,2,521,879,1239,2,420
12,20,455,757,1280,2,463,879,1239,2,420
12,21,448,757,1338,2,521,1272,1802,2,590
12,22,448,677,1338,2,601,1272,1802,2,590
12,23,450,757,1338,2,521,879,1239,2,420
12,24,455,527,1044,2,457,879,1239,2,420
12,25,450,757,1338,2,521,879,1239,2,420
12,26,455,757,1280,2,463,1272,1802,2,590
12,27,485,757,1338,2,521,1370,1775,2,465
12,28,450,757,1338,2,521,1272,1802,2,590
12,29,450,757,1338,2,521,879,1239,2,420
12,30,450,757,1338,2,521,879,1239,2,420
12,31,448,677,1338,2,601,879,1239,2,420
12,32,455,757,1280,2,463,1272,1802,2,590
12,33,448,757,1338,2,521,879,1239,2,420
12,34,448,677,1338,2,601,1272,1802,2,590
12,35,450,757,1338,2,521,879,1239,2,420
12,36,448,757,1338,2,521,879,1239,2,420
12,37,455,527,1044,2,457,879,1239,2,420
12,38,455,527,1044,2,457,879,1239,2,420
12,39,448,757,1338,2,521,879,1239,2,420
12,40,448,757,1338,2,521,879,1239,2,420
12,41,448,677,1338,2,601,879,1239,2,420
12,42,448,677,1338,2,601,879,1239,2,420
12,43,448,677,1338,2,601,879,1239,2,420
12,44,450,757,1338,2,521,1272,1802,2,590
12,45,448,677,1338,2,601,879,1239,2,420
12,46,450,757,1338,2,521,1272,1802,2,590
12,47,450,757,1338,2,521,879,1239,2,420
12,48,448,677,1338,2,601,879,1239,2,420
12,49,455,527,1044,2,457,1272,1802,2,590
12,50,448,677,1338,2,601,879,1239,2,420
12,51,455,527,1044,2,457,1272,1802,2,590
12,52,455,527,1044,2,457,879,1239,2,420
12,53,455,757,1280,2,463,879,1239,2,420
13,1,540,1240,1934,1,514,920,1419,2,679
13,2,540,1240,1934,1,514,907,1375,2,648
13,3,540,787,1329,1,362,1132,1582,2,630
13,4,488,589,1404,2,635,1201,1721,2,700
13,5,935,345,849,1,324,705,924,1,399
13,6,488,405,1158,2,573,1201,1721,2,700
13,7,1293,345,849,1,324,705,924,1,399
13,8,599,370,1164,2,614,1060,1460,2,580
13,9,599,1160,2032,2,692,875,1391,2,696
13,10,1483,1195,1965,2,590,1225,1788,2,743
13,11,488,589,1404,2,635,907,1375,2,648
13,12,620,345,849,1,324,744,1168,2,604
13,13,935,345,849,1,324,705,924,1,399
13,14,540,589,1144,1,375,1132,1582,2,630
13,15,488,589,1404,2,635,1132,1652,2,700
13,16,620,345,849,1,324,744,1168,2,604
13,17,540,589,1144,1,375,1201,1721,2,700
13,18,488,405,1158,2,573,1201,1721,2,700
13,19,610,545,1370,2,645,875,1415,2,720
13,20,540,787,1329,1,362,1201,1721,2,700
13,21,540,589,1144,1,375,920,1419,2,679
13,22,655,345,849,1,324,744,1181,2,617
13,23,488,589,1404,2,635,920,1419,2,679
13,24,540,624,1135,1,331,1132,1582,2,630
13,25,540,589,1144,1,375,907,1375,2,648
13,26,620,345,849,1,324,744,1168,2,604
13,27,540,787,1329,1,362,1132,1652,2,700
13,28,1195,345,849,1,324,705,924,1,399
13,29,1293,345,849,1,324,705,924,1,399
13,30,540,1240,1934,1,514,1132,1652,2,700
13,31,540,624,1135,1,331,1201,1721,2,700
13,32,540,787,1329,1,362,907,1375,2,648
13,33,488,1240,1965,2,545,1201,1721,2,700
13,34,1163,787,1329,1,362,1225,1788,2,743
13,35,488,1240,1965,2,545,907,1375,2,648
13,36,488,589,1404,2,635,1201,1721,2,700
13,37,540,787,1329,1,362,920,1419,2,679
13,38,488,1240,1965,2,545,1132,1582,2,630
13,39,620,345,849,1,324,744,1168,2,604
13,40,655,345,849,1,324,744,1181,2,617
13,41,488,405,1158,2,573,1132,1582,2,630
13,42,488,405,1158,2,573,907,1375,2,648
13,43,488,405,1158,2,573,1132,1652,2,700
13,44,488,1240,1965,2,545,1132,1652,2,700
13,45,488,589,1404,2,635,1132,1582,2,630
13,46,1293,345,849,1,324,705,924,1,399
13,47,598,624,1135,1,331,705,924,1,399
13,48,488,405,1158,2,573,920,1419,2,679
13,49,540,1240,1934,1,514,1201,1721,2,700
13,50,540,787,1329,1,362,1201,1721,2,700
13,51,488,1240,1965,2,545,1201,1721,2,700
13,52,1113,1195,1965,2,590,744,1168,2,604
13,53,488,1240,1965,2,545,920,1419,2,679
13,54,1113,1195,1965,2,590,744,1168,2,604
13,55,599,591,1328,2,557,1060,1460,2,580
13,56,789,545,1370,2,645,744,1168,2,604
14,1,512,480,1168,1,508,1265,1724,2,639
14,2,512,680,1285,1,425,1265,1799,2,714
14,3,505,480,1168,1,508,1265,1724,2,639
14,4,505,645,1281,1,456,1265,1724,2,639
14,5,561,1160,1799,1,459,675,957,1,462
14,6,504,700,1355,1,475,1265,1799,2,714
14,7,692,795,1410,1,435,870,1164,1,474
14,8,548,935,1418,0,303,715,885,0,350
14,9,548,935,1418,0,303,715,885,0,350
14,10,753,620,1397,1,597,1070,1436,1,546
14,11,505,780,1379,1,419,1265,1724,2,639
14,12,548,465,953,0,308,715,885,0,350
14,13,561,1160,1799,1,459,675,957,1,462
14,14,505,645,1281,1,456,1265,1799,2,714
14,15,505,510,1094,1,404,1265,1799,2,714
14,16,550,700,1355,1,475,1070,1436,1,546
14,17,512,780,1379,1,419,1265,1799,2,714
14,18,505,510,1094,1,404,1265,1724,2,639
14,19,548,1285,1761,0,296,1020,1197,0,357
14,20,508,935,1418,0,303,1265,1799,2,714
14,21,508,1285,1761,0,296,1265,1799,2,714
14,22,555,1285,1761,0,296,715,885,0,350
14,23,505,680,1285,1,425,1265,1724,2,639
14,24,505,680,1285,1,425,1265,1799,2,714
14,25,508,1285,1761,0,296,1265,1724,2,639
14,26,550,1285,1761,0,296,1070,1511,2,621
14,27,508,465,953,0,308,1265,1799,2,714
14,28,583,1285,1761,0,296,1265,1724,2,639
14,29,682,790,1390,1,420,840,1105,1,445
14,30,541,1285,1761,0,296,675,957,1,462
14,31,508,935,1418,0,303,1265,1724,2,639
14,32,505,480,1168,1,508,1265,1799,2,714
14,33,501,465,953,0,308,1265,1799,2,714
14,34,565,700,1355,1,475,715,885,0,350
14,35,501,935,1418,0,303,1265,1724,2,639
14,36,505,780,1379,1,419,1265,1799,2,714
14,37,508,465,953,0,308,1265,1724,2,639
14,38,501,1285,1761,0,296,1265,1724,2,639
14,39,550,700,1355,1,475,1070,1436,1,546
14,40,555,1285,1761,0,296,715,885,0,350
14,41,501,465,953,0,308,1265,1724,2,639
14,42,501,1285,1761,0,296,1265,1799,2,714
14,43,504,760,1420,1,480,1265,1799,2,714
14,44,504,520,1150,1,450,1265,1724,2,639
14,45,504,520,1150,1,450,1265,1799,2,714
14,46,736,620,1397,1,597,1085,1576,2,671
14,47,548,1285,1761,0,296,715,885,0,350
14,48,778,795,1410,1,435,1275,1616,1,521
14,49,504,760,1420,1,480,1265,1724,2,639
14,50,541,1285,1761,0,296,675,957,1,462
14,51,512,680,1285,1,425,1265,1724,2,639
14,52,809,620,1397,1,597,735,1186,1,631
14,53,504,700,1355,1,475,1265,1724,2,639
14,54,563,1160,1799,1,459,1070,1511,2,621
14,55,501,935,1418,0,303,1265,1799,2,714
14,56,561,1160,1799,1,459,1275,1576,1,481
14,57,969,790,1390,1,420,1085,1576,2,671
14,58,548,1285,1761,0,296,715,885,0,350
14,59,558,700,1355,1,475,715,885,0,350
15,1,412,1069,1386,1,317,1243,1484,1,241
15,2,412,980,1219,1,239,980,1297,1,317
15,3,331,360,698,1,338,1045,1492,1,447
15,4,289,944,1180,1,236,1275,1725,1,450
15,5,501,1005,1123,0,118,1157,1268,0,111
15,6,239,360,593,1,233,810,1089,1,279
15,7,565,736,854,0,118,970,1330,2,360
15,8,423,1005,1123,0,118,862,1472,2,610
15,9,423,488,611,0,123,862,1472,2,610
15,10,592,743,1048,1,305,862,1472,2,610
15,11,289,664,892,1,228,1275,1725,1,450
15,12,431,1199,1420,1,221,862,1292,2,430
15,13,501,736,854,0,118,1157,1268,0,111
15,14,339,710,1140,1,430,760,1201,1,441
15,15,331,980,1309,1,329,760,1201,1,441
15,16,484,710,1140,1,430,830,1078,1,248
15,17,412,1069,1320,1,251,725,1014,1,289
15,18,289,1180,1401,1,221,1275,1725,1,450
15,19,431,1081,1296,1,215,862,1292,2,430
15,20,412,1132,1386,1,254,980,1227,1,247
15,21,412,980,1219,1,239,725,936,1,211
15,22,501,736,854,0,118,589,700,0,111
15,23,289,360,593,1,233,1275,1725,1,450
15,24,331,360,698,1,338,760,1201,1,441
15,25,383,710,1140,1,430,862,1292,2,430
15,26,431,419,785,1,366,862,1292,2,430
15,27,412,870,1135,1,265,1243,1484,1,241
15,28,520,710,1140,1,430,970,1330,2,360
15,29,522,736,854,0,118,830,1078,1,248
15,30,412,455,795,1,340,830,1078,1,248
15,31,385,710,1140,1,430,862,1472,2,610
15,32,339,710,1140,1,430,1045,1492,1,447
15,33,239,664,892,1,228,525,754,1,229
15,34,520,1199,1420,1,221,970,1188,1,218
15,35,239,664,892,1,228,1042,1256,1,214
15,36,331,980,1309,1,329,1045,1492,1,447
15,37,385,710,1140,1,430,862,1472,2,610
15,38,239,1180,1401,1,221,1042,1256,1,214
15,39,501,736,854,0,118,888,996,0,108
15,40,501,1005,1123,0,118,888,996,0,108
15,41,239,360,593,1,233,1042,1256,1,214
15,42,239,944,1180,1,236,1042,1256,1,214
15,43,239,944,1180,1,236,810,1089,1,279
15,44,239,360,593,1,233,525,754,1,229
15,45,239,664,892,1,228,810,1089,1,279
15,46,571,405,653,1,248,970,1330,2,360
15,47,412,1132,1445,1,313,830,1150,1,320
15,48,597,743,1048,1,305,862,1292,2,430
15,49,239,1180,1401,1,221,810,1089,1,279
15,50,412,1069,1386,1,317,1110,1384,1,274
15,51,412,870,1135,1,265,1110,1384,1,274
15,52,687,743,1048,1,305,1163,1415,1,252
15,53,239,944,1180,1,236,525,754,1,229
15,54,511,736,854,0,118,1163,1415,1,252
15,55,239,1180,1401,1,221,525,754,1,229
15,56,501,488,611,0,123,888,996,0,108
15,57,694,743,1048,1,305,1036,1518,2,482
15,58,423,736,854,0,118,862,1472,2,610
15,59,501,1005,1123,0,118,589,700,0,111
16,1,356,923,1359,1,316,1230,1560,1,450
16,2,356,923,1359,1,316,1230,1560,1,450
16,3,351,410,830,1,300,917,1198,1,401
16,4,349,430,1060,1,510,1265,1476,1,331
16,5,402,756,1359,2,483,1265,1476,1,331
16,6,349,675,1143,1,348,917,1198,1,401
16,7,503,1044,1449,1,285,917,1115,1,318
16,8,360,420,1143,2,603,1265,1476,1,331
16,9,361,750,1215,1,345,605,935,1,450
16,10,508,750,1360,2,490,917,1198,1,401
16,11,349,430,930,1,380,605,935,1,450
16,12,368,750,1215,1,345,917,1198,1,401
16,13,400,780,1390,2,490,675,1043,1,488
16,14,351,990,1397,1,287,605,935,1,450
16,15,349,430,1060,1,510,605,935,1,450
16,16,369,756,1397,1,521,1265,1476,1,331
16,17,356,923,1359,1,316,605,935,1,450
16,18,349,925,1405,1,360,1230,1560,1,450
16,19,361,750,1215,1,345,1230,1560,1,450
16,20,356,1044,1449,1,285,1230,1560,1,450
16,21,356,1044,1449,1,285,605,935,1,450
16,22,391,420,824,1,284,675,1043,1,488
16,23,349,430,930,1,380,1230,1560,1,450
16,24,351,990,1397,1,287,917,1198,1,401
16,25,351,410,830,1,300,605,935,1,450
16,26,368,432,969,1,417,917,1198,1,401
16,27,356,925,1405,1,360,917,1198,1,401
16,28,456,750,1215,1,345,1126,1598,2,592
16,29,501,1044,1449,1,285,917,1115,1,318
16,30,356,430,930,1,380,917,1198,1,401
16,31,351,410,830,1,300,1230,1560,1,450
16,32,351,990,1397,1,287,1230,1560,1,450
16,33,349,675,1143,1,348,1265,1476,1,331
16,34,454,923,1359,1,316,1150,1353,1,323
16,35,337,410,830,1,300,1265,1476,1,331
16,36,349,430,1060,1,510,1230,1560,1,450
16,37,356,923,1359,1,316,917,1198,1,401
16,38,337,990,1397,1,287,1265,1476,1,331
16,39,570,750,1360,2,490,1126,1598,2,592
16,40,388,420,1359,2,819,917,1198,1,401
16,41,391,420,824,1,284,1265,1476,1,331
16,42,349,1044,1449,1,285,1265,1476,1,331
16,43,349,923,1359,1,316,1265,1476,1,331
16,44,349,925,1405,1,360,605,935,1,450
16,45,349,1044,1449,1,285,917,1198,1,401
16,46,349,923,1359,1,316,917,1198,1,401
16,47,504,923,1336,1,293,552,785,1,353
16,48,356,675,1143,1,348,1230,1560,1,450
16,49,541,420,824,1,284,1150,1353,1,323
16,50,349,430,930,1,380,1265,1476,1,331
16,51,356,675,1143,1,348,605,935,1,450
16,52,356,923,1359,1,316,605,935,1,450
16,53,541,420,824,1,284,1150,1353,1,323
16,54,349,925,1405,1,360,1265,1476,1,331
16,55,441,1044,1449,1,285,917,1115,1,318
16,56,349,923,1359,1,316,1265,1476,1,331
16,57,407,580,1215,2,515,605,935,1,450
16,58,554,990,1397,1,287,917,1115,1,318
16,59,356,430,1060,1,510,917,1198,1,401
16,60,399,923,1359,1,316,1235,1765,2,650
17,1,568,720,1393,1,493,1150,1302,0,332
17,2,568,1425,1890,0,285,580,897,1,497
17,3,566,1375,2123,2,568,1210,1533,1,503
17,4,563,1375,2123,2,568,1390,1634,1,424
17,5,697,650,1318,1,488,730,1013,1,463
17,6,559,1295,1841,1,366,1150,1302,0,332
17,7,830,30,593,1,383,710,930,1,400
17,8,579,1255,1841,1,406,1150,1302,0,332
17,9,581,30,593,1,383,1150,1302,0,332
17,10,942,1425,1890,0,285,710,930,1,400
17,11,561,1375,2123,2,568,975,1336,1,541
17,12,591,30,593,1,383,1075,1385,1,490
17,13,692,650,1318,1,488,1210,1533,1,503
17,14,566,1375,2130,2,575,1210,1533,1,503
17,15,565,1295,1841,1,366,1390,1634,1,424
17,16,601,750,1290,1,360,1150,1302,0,332
17,17,568,1425,1890,0,285,1075,1385,1,490
17,18,561,1375,2130,2,575,975,1261,1,466
17,19,590,1255,1841,1,406,580,897,1,497
17,20,567,1355,1980,1,445,1350,1685,1,515
17,21,567,405,1025,1,440,1350,1685,1,515
17,22,651,720,1457,1,557,975,1336,1,541
17,23,561,1375,2130,2,575,975,1336,1,541
17,24,566,1375,2130,2,575,470,777,1,487
17,25,567,405,1025,1,440,1305,1595,1,470
17,26,596,1375,2130,2,575,1145,1455,1,490
17,27,568,1375,2130,2,575,1390,1634,1,424
17,28,817,720,1393,1,493,925,1254,1,509
17,29,817,720,1457,1,557,925,1254,1,509
17,30,568,1375,2111,1,556,1150,1302,0,332
17,31,567,1355,1980,1,445,1305,1595,1,470
17,32,567,360,950,1,410,1305,1595,1,470
17,33,489,1375,2130,2,575,580,897,1,497
17,34,779,1255,1841,1,406,590,926,1,516
17,35,485,1375,2130,2,575,1150,1302,0,332
17,36,566,1375,2123,2,568,470,777,1,487
17,37,567,360,950,1,410,1350,1685,1,515
17,38,480,1375,2123,2,568,1150,1302,0,332
17,39,601,407,950,1,363,1150,1302,0,332
17,40,626,420,1018,1,418,1195,1459,1,444
17,41,489,1375,2123,2,568,1075,1385,1,490
17,42,489,1375,2130,2,575,1075,1385,1,490
17,43,561,1375,2123,2,568,975,1261,1,466
17,44,496,1375,2041,1,486,1150,1302,0,332
17,45,557,1425,1890,0,285,1150,1302,0,332
17,46,852,720,1326,1,426,925,1254,1,509
17,47,570,1295,1841,1,366,470,777,1,487
17,48,942,1425,1890,0,285,710,930,1,400
17,49,507,1375,2041,1,486,580,897,1,497
17,50,568,720,1457,1,557,1150,1302,0,332
17,51,568,865,1457,1,412,1150,1302,0,332
17,52,988,1260,1986,1,546,1143,1603,1,640
17,53,507,1375,2041,1,486,1075,1385,1,490
17,54,717,1260,1986,1,546,1305,1595,1,470
17,55,489,1375,2123,2,568,580,897,1,497
17,56,717,1260,1986,1,546,670,925,1,435
17,57,578,360,950,1,410,670,925,1,435
17,58,687,650,1318,1,488,1390,1634,1,424
18,1,677,731,1046,1,315,1165,1582,1,417
18,2,677,653,986,1,333,1047,1418,1,371
18,3,677,596,929,1,333,725,1031,1,306
18,4,677,360,688,1,328,915,1216,1,301
18,5,948,400,731,1,331,915,1216,1,301
18,6,677,731,1046,1,315,915,1216,1,301
18,7,2029,596,929,1,333,505,848,1,343
18,8,677,430,929,1,499,725,1031,1,306
18,9,677,430,929,1,499,1335,1661,1,326
18,10,2029,360,688,1,328,1150,1624,1,474
18,11,677,596,929,1,333,1047,1341,1,294
18,12,713,410,713,1,303,1255,1548,1,293
18,13,938,560,1030,1,470,1150,1624,1,474
18,14,677,731,1046,1,315,1335,1661,1,326
18,15,677,731,1046,1,315,600,916,1,316
18,16,713,947,1359,1,412,1255,1548,1,293
18,17,677,596,929,1,333,1047,1418,1,371
18,18,677,360,688,1,328,1047,1341,1,294
18,19,677,430,929,1,499,910,1238,1,328
18,20,677,653,986,1,333,910,1238,1,328
18,21,677,596,929,1,333,910,1238,1,328
18,22,814,584,1359,2,775,615,915,1,300
18,23,677,653,986,1,333,1047,1341,1,294
18,24,677,653,986,1,333,915,1216,1,301
18,25,677,731,1046,1,315,746,1076,1,330
18,26,713,1046,1359,1,313,1255,1548,1,293
18,27,677,731,1046,1,315,1047,1418,1,371
18,28,1582,653,1201,2,548,505,833,1,328
18,29,1582,653,1201,2,548,1150,1619,1,469
18,30,677,360,688,1,328,1165,1582,1,417
18,31,677,653,986,1,333,600,916,1,316
18,32,677,731,1046,1,315,910,1238,1,328
18,33,667,947,1359,1,412,615,915,1,300
18,34,982,560,1030,1,470,900,1436,2,536
18,35,519,940,1350,1,410,505,833,1,328
18,36,677,596,929,1,333,915,1216,1,301
18,37,677,653,986,1,333,1335,1661,1,326
18,38,459,940,1350,1,410,1150,1619,1,469
18,39,723,750,1350,1,600,505,833,1,328
18,40,806,940,1350,1,410,900,1436,2,536
18,41,663,750,1350,1,600,1150,1619,1,469
18,42,667,410,713,1,303,615,915,1,300
18,43,677,731,1046,1,315,725,1031,1,306
18,44,667,410,713,1,303,785,1245,1,460
18,45,677,731,1046,1,315,1047,1341,1,294
18,46,2029,560,1030,1,470,915,1216,1,301
18,47,677,653,986,1,333,1165,1582,1,417
18,48,2029,360,688,1,328,1150,1624,1,474
18,49,667,947,1359,1,412,785,1245,1,460
18,50,677,596,929,1,333,1165,1582,1,417
18,51,677,360,688,1,328,1047,1418,1,371
18,52,667,1046,1359,1,313,785,1245,1,460
18,53,964,653,1201,2,548,1047,1341,1,294
18,54,667,1046,1359,1,313,615,915,1,300
18,55,948,360,688,1,328,1056,1375,1,319
18,56,677,430,929,1,499,1047,1341,1,294
18,57,938,560,1030,1,470,505,848,1,343
19,1,612,370,812,2,622,1080,1964,2,704
19,2,585,350,768,2,598,1240,2144,2,724
19,3,806,360,840,2,660,1240,2144,2,724
19,4,575,350,768,2,598,1240,2144,2,724
19,5,958,360,840,2,660,1005,1740,2,555
19,6,621,1135,1383,1,428,1240,2144,2,724
19,7,632,890,1365,2,655,1240,2059,2,639
19,8,1336,1015,1436,2,601,1240,2144,2,724
19,9,644,434,768,2,514,1240,2144,2,724
19,10,806,360,840,2,660,1240,2144,2,724
19,11,702,890,1383,2,673,1285,1914,2,449
19,12,612,370,812,2,622,1080,1964,2,704
19,13,644,434,768,2,514,1240,2144,2,724
19,14,607,890,1383,2,673,1080,1964,2,704
19,15,607,890,1383,2,673,1080,1964,2,704
19,16,766,665,1073,2,588,1285,1914,2,449
19,17,585,350,768,2,598,1240,2144,2,724
19,18,702,890,1365,2,655,1285,1914,2,449
19,19,609,890,1365,2,655,910,1584,1,494
19,20,907,350,768,2,598,857,1497,2,460
19,21,943,1135,1383,1,428,857,1497,2,460
19,22,613,350,812,2,642,1080,1964,2,704
19,23,607,890,1365,2,655,1080,1964,2,704
19,24,881,1135,1383,1,428,857,1497,2,460
19,25,607,890,1365,2,655,1080,1964,2,704
19,26,723,370,812,2,622,1005,1780,2,595
19,27,763,1135,1383,1,428,1285,1914,2,449
19,28,575,350,768,2,598,1240,2144,2,724
19,29,560,890,1365,2,655,1240,2144,2,724
19,30,560,890,1383,2,673,1240,2144,2,724
19,31,986,434,768,2,514,1285,1914,2,449
19,32,615,350,768,2,598,1080,1964,2,704
19,33,1336,1015,1436,2,601,1240,2144,2,724
19,34,560,890,1383,2,673,1240,2144,2,724
19,35,613,350,812,2,642,1080,1964,2,704
19,36,609,890,1383,2,673,910,1584,1,494
19,37,560,890,1365,2,655,1240,2144,2,724
19,38,863,665,1073,2,588,1307,2078,2,591
19,39,618,1135,1383,1,428,910,1584,1,494
19,40,784,1135,1383,1,428,1045,1750,2,525
20,1,597,495,1212,2,657,1115,1747,2,692
20,2,597,495,1212,2,657,1115,1747,2,692
20,3,597,495,1165,2,610,1115,1747,2,692
20,4,597,495,949,2,394,903,1554,2,711
20,5,838,660,1212,2,492,990,1365,2,435
20,6,597,495,949,2,394,1115,1747,2,692
20,7,899,495,949,2,394,1175,1469,1,354
20,8,597,495,1212,2,657,903,1554,2,711
20,9,597,495,1212,2,657,903,1554,2,711
20,10,1019,790,1257,2,407,655,935,1,340
20,11,597,495,949,2,394,903,1554,2,711
20,12,609,790,1405,1,555,655,935,1,340
20,13,837,660,1212,2,492,945,1415,2,530
20,14,597,495,1165,2,610,903,1554,2,711
20,15,597,495,1165,2,610,1115,1747,2,692
20,16,609,790,1405,1,555,655,1010,1,415
20,17,597,495,1212,2,657,1115,1747,2,692
20,18,597,495,949,2,394,903,1554,2,711
20,19,597,495,1212,2,657,903,1554,2,711
20,20,597,495,1212,2,657,1115,1747,2,692
20,21,597,495,1212,2,657,1115,1747,2,692
20,22,736,660,1212,2,492,903,1554,2,711
20,23,597,495,949,2,394,903,1554,2,711
20,24,597,495,1165,2,610,1115,1747,2,692
20,25,597,495,1165,2,610,903,1554,2,711
20,26,609,790,1405,1,555,1175,1469,1,354
20,27,597,495,1212,2,657,1115,1747,2,692
20,28,899,495,949,2,394,655,935,1,340
20,29,899,495,949,2,394,655,935,1,340
20,30,597,495,1212,2,657,903,1554,2,711
20,31,597,495,1165,2,610,903,1554,2,711
20,32,597,495,1165,2,610,903,1554,2,711
20,33,597,495,1212,2,657,1270,1635,2,425
20,34,838,660,1257,2,537,990,1365,2,435
20,35,597,495,949,2,394,1270,1635,2,425
20,36,597,495,1165,2,610,1115,1747,2,692
20,37,597,495,1212,2,657,1115,1747,2,692
20,38,597,495,949,2,394,1270,1635,2,425
20,39,633,790,1245,1,395,655,935,1,340
20,40,676,325,799,2,414,1115,1483,2,428
20,41,597,495,1165,2,610,1270,1635,2,425
20,42,597,495,1165,2,610,1270,1635,2,425
20,43,597,495,949,2,394,1115,1747,2,692
20,44,597,495,1212,2,657,1270,1635,2,425
20,45,597,495,949,2,394,1115,1747,2,692
20,46,899,495,949,2,394,1175,1469,1,354
20,47,597,495,1212,2,657,903,1554,2,711
20,48,597,495,949,2,394,1115,1747,2,692
20,49,597,495,1212,2,657,903,1554,2,711
20,50,597,495,1212,2,657,1115,1747,2,692
20,51,597,495,1212,2,657,1270,1635,2,425
20,52,838,660,1257,2,537,990,1365,2,435
20,53,597,495,1212,2,657,1270,1635,2,425
20,54,838,660,1212,2,492,990,1365,2,435
20,55,597,495,1212,2,657,903,1554,2,711
20,56,736,660,1257,2,537,903,1554,2,711
